﻿[
  {
    "product_id": "P732287",
    "voucher": "SIMPATI",
    "nominal": "5.000",
    "price": 6400
  },
  {
    "product_id": "P612697",
    "voucher": "SIMPATI",
    "nominal": "10.000",
    "price": 11100
  },
  {
    "product_id": "P212980",
    "voucher": "SIMPATI",
    "nominal": "20.000",
    "price": 20200
  },
  {
    "product_id": "P774096",
    "voucher": "SIMPATI",
    "nominal": "25.000",
    "price": 24950
  },
  {
    "product_id": "P856640",
    "voucher": "SIMPATI",
    "nominal": "50.000",
    "price": 49600
  },
  {
    "product_id": "P848959",
    "voucher": "SIMPATI",
    "nominal": "100.000",
    "price": 96950
  },
  {
    "product_id": "P819628",
    "voucher": "SIMPATI",
    "nominal": "150.000",
    "price": 146725
  },
  {
    "product_id": "P268980",
    "voucher": "SIMPATI",
    "nominal": "200.000",
    "price": 196600
  },
  {
    "product_id": "P439921",
    "voucher": "SIMPATI",
    "nominal": "300.000",
    "price": 296585
  },
  {
    "product_id": "P163113",
    "voucher": "SIMPATI DATA",
    "nominal": "1 .2GB 3/4G 1GB Midnight 3GB VideoMax 30H",
    "price": 49975
  },
  {
    "product_id": "P977459",
    "voucher": "SIMPATI DATA",
    "nominal": "3 .5GB 3/4G 2GB Midnight 5GB VideoMax 30H",
    "price": 96900
  },
  {
    "product_id": "P550029",
    "voucher": "SIMPATI DATA",
    "nominal": "30 MB ALTERNATIF 7hari",
    "price": 5825
  },
  {
    "product_id": "P220307",
    "voucher": "SIMPATI DATA",
    "nominal": "80 MB ALTERNATIF 7hari",
    "price": 10550
  },
  {
    "product_id": "P214927",
    "voucher": "SIMPATI DATA",
    "nominal": "340 MB ALTERNATIF 7hari",
    "price": 20000
  },
  {
    "product_id": "P226107",
    "voucher": "SIMPATI DATA",
    "nominal": "500 MB + 1GB VideoMax 30hri",
    "price": 25075
  }
]