﻿[
  {
    "product_id": "P118325",
    "voucher": "XL",
    "nominal": "5.000",
    "price": 5875
  },
  {
    "product_id": "P790972",
    "voucher": "XL",
    "nominal": "10.000",
    "price": 10875
  },
  {
    "product_id": "P151221",
    "voucher": "XL",
    "nominal": "15.000",
    "price": 15150
  },
  {
    "product_id": "P274561",
    "voucher": "XL",
    "nominal": "25.000",
    "price": 24900
  },
  {
    "product_id": "P604496",
    "voucher": "XL",
    "nominal": "50.000",
    "price": 49550
  },
  {
    "product_id": "P384293",
    "voucher": "XL",
    "nominal": "100.000",
    "price": 98650
  },
  {
    "product_id": "P802185",
    "voucher": "XL BB",
    "nominal": "20.000 BB Gaul Unlimited + Pulsa 7hr",
    "price": 20725
  },
  {
    "product_id": "P899549",
    "voucher": "XL BB",
    "nominal": "25.000 BB Full Bis Lite 7 Hari",
    "price": 25725
  },
  {
    "product_id": "P800352",
    "voucher": "XL BB",
    "nominal": "30.000 BB Full Bis Lite Unli 7hr",
    "price": 30725
  },
  {
    "product_id": "P787385",
    "voucher": "XL BB",
    "nominal": "50.000 BB XmartPlan Gaul 50mnt + 50SMS, 30hr",
    "price": 45725
  },
  {
    "product_id": "P260938",
    "voucher": "XL BB",
    "nominal": "50.000 BB Gaul ( Chat & Social ) 30hr",
    "price": 45725
  },
  {
    "product_id": "P957545",
    "voucher": "XL BB",
    "nominal": "55.000 BB Gaul Unlimited + Pulsa 30hr",
    "price": 52475
  },
  {
    "product_id": "P173172",
    "voucher": "XL BB",
    "nominal": "55.000 BB Bizz (EmailCHAT) Rp55rb, 30hr",
    "price": 50225
  },
  {
    "product_id": "P360746",
    "voucher": "XL BB",
    "nominal": "60.000 BB XmartPlan Rp60rb, 30hr, Gaul+100Mnt+100SMS",
    "price": 54725
  },
  {
    "product_id": "P218176",
    "voucher": "XL BB",
    "nominal": "70.000 BB Full Bis Lite 30hr",
    "price": 63725
  },
  {
    "product_id": "P815765",
    "voucher": "XL BB",
    "nominal": "75.000 BB XmartPlan Full BIS Lite 75mnt + 75SMS, 30hr",
    "price": 68225
  },
  {
    "product_id": "P936865",
    "voucher": "XL BB",
    "nominal": "85.000 BB Full Bis Lite Unli 30hr",
    "price": 80975
  },
  {
    "product_id": "P828945",
    "voucher": "XL BB",
    "nominal": "90.000 BB XmartPlan Full Service 100mnt + 100SMS, 30hr",
    "price": 90725
  },
  {
    "product_id": "P538515",
    "voucher": "XL BB",
    "nominal": "90.000 BB XmartPlan Gaul 50mnt + 50SMS, 90hr",
    "price": 90725
  },
  {
    "product_id": "P762805",
    "voucher": "XL BB",
    "nominal": "90.000 BB Full Service 30hr",
    "price": 85725
  },
  {
    "product_id": "P550695",
    "voucher": "XL BB",
    "nominal": "135.000 BB XmartPlan Full BIS Lite 75mnt + 75SMS, 90hr",
    "price": 135725
  },
  {
    "product_id": "P856964",
    "voucher": "XL INTERNET",
    "nominal": "1 .2 GB HotRod PRIORITAS, Rp50rb",
    "price": 45725
  },
  {
    "product_id": "P431561",
    "voucher": "XL INTERNET",
    "nominal": "1 .5 GB HotRod 24Jam Rp50rb, 30hr",
    "price": 47725
  },
  {
    "product_id": "P516175",
    "voucher": "XL INTERNET",
    "nominal": "2 GB HotRod XTRA 30hr",
    "price": 50725
  },
  {
    "product_id": "P308871",
    "voucher": "XL INTERNET",
    "nominal": "3 GB HotRod 24Jam Rp60rb, 30hr",
    "price": 57225
  },
  {
    "product_id": "P866066",
    "voucher": "XL INTERNET",
    "nominal": "5 GB Combo XTRA (2G/3G/4G)+5GB(youtobe),20menit 59 rb",
    "price": 56275
  },
  {
    "product_id": "P187545",
    "voucher": "XL INTERNET",
    "nominal": "6 GB HotRod 24Jam Rp100rb, 30hr",
    "price": 95225
  },
  {
    "product_id": "P929596",
    "voucher": "XL INTERNET",
    "nominal": "8 GB HotRod XTRA 30hr",
    "price": 125725
  },
  {
    "product_id": "P210490",
    "voucher": "XL INTERNET",
    "nominal": "8 GB HotRod 24Jam Rp130rb, 30hr",
    "price": 123725
  },
  {
    "product_id": "P440463",
    "voucher": "XL INTERNET",
    "nominal": "10 GB Combo XTRA (2G/3G/4G)+10GB(youtobe),40menit 89 rb",
    "price": 84775
  },
  {
    "product_id": "P873937",
    "voucher": "XL INTERNET",
    "nominal": "12 GB HotRod 24Jam Rp180rb, 30hr",
    "price": 171225
  },
  {
    "product_id": "P328880",
    "voucher": "XL INTERNET",
    "nominal": "15 GB Combo XTRA (2G/3G/4G)+15GB(youtobe),60menit 129 r",
    "price": 122775
  },
  {
    "product_id": "P162723",
    "voucher": "XL INTERNET",
    "nominal": "16 GB HotRod 24Jam Rp220rb, 30hr",
    "price": 209225
  },
  {
    "product_id": "P146968",
    "voucher": "XL INTERNET",
    "nominal": "16 GB HotRod XTRA 30hr",
    "price": 190725
  },
  {
    "product_id": "P282291",
    "voucher": "XL INTERNET",
    "nominal": "20 GB Combo XTRA (2G/3G/4G)+20GB(youtobe),100menit 1",
    "price": 170275
  },
  {
    "product_id": "P652324",
    "voucher": "XL INTERNET",
    "nominal": "35 GB Combo XTRA (2G/3G/4G)+35GB(youtobe),140mt 239",
    "price": 227275
  },
  {
    "product_id": "P913144",
    "voucher": "XL INTERNET",
    "nominal": "800 MB Combo XTRA 30hr",
    "price": 39325
  }
]