﻿[
  {
    "product_id": "P938026",
    "voucher": "MENTARI",
    "nominal": "5.000",
    "price": 5900
  },
  {
    "product_id": "P454209",
    "voucher": "MENTARI",
    "nominal": "10.000",
    "price": 10950
  },
  {
    "product_id": "P238477",
    "voucher": "MENTARI",
    "nominal": "20.000",
    "price": 20125
  },
  {
    "product_id": "P574187",
    "voucher": "MENTARI",
    "nominal": "25.000",
    "price": 24975
  },
  {
    "product_id": "P597281",
    "voucher": "MENTARI",
    "nominal": "50.000",
    "price": 49300
  },
  {
    "product_id": "P483721",
    "voucher": "MENTARI",
    "nominal": "100.000",
    "price": 97300
  },
  {
    "product_id": "P173788",
    "voucher": "MENTARI",
    "nominal": "200.000",
    "price": 186050
  },
  {
    "product_id": "P223523",
    "voucher": "MENTARI",
    "nominal": "250.000",
    "price": 232150
  },
  {
    "product_id": "P891804",
    "voucher": "MENTARI",
    "nominal": "500.000",
    "price": 464950
  },
  {
    "product_id": "P480768",
    "voucher": "MENTARI DATA",
    "nominal": "1 GB, 30hr",
    "price": 33345
  },
  {
    "product_id": "P580606",
    "voucher": "MENTARI DATA",
    "nominal": "2 +3 GB 4G Freedom Combo M, 30hr",
    "price": 51375
  },
  {
    "product_id": "P571416",
    "voucher": "MENTARI DATA",
    "nominal": "2 GB Extra",
    "price": 36300
  },
  {
    "product_id": "P231970",
    "voucher": "MENTARI DATA",
    "nominal": "2 GB, 30hr",
    "price": 49905
  },
  {
    "product_id": "P348902",
    "voucher": "MENTARI DATA",
    "nominal": "3 GB, 30hr",
    "price": 64975
  },
  {
    "product_id": "P605583",
    "voucher": "MENTARI DATA",
    "nominal": "4 GB Extra",
    "price": 56675
  },
  {
    "product_id": "P971487",
    "voucher": "MENTARI DATA",
    "nominal": "5 GB, 60hr",
    "price": 106175
  },
  {
    "product_id": "P215094",
    "voucher": "MENTARI DATA",
    "nominal": "6 GB Extra",
    "price": 71675
  },
  {
    "product_id": "P159257",
    "voucher": "MENTARI DATA",
    "nominal": "8 +12 GB 4G Freedom Combo XL, 30hr",
    "price": 128175
  },
  {
    "product_id": "P466998",
    "voucher": "MENTARI DATA",
    "nominal": "12 +25 GB 4G Freedom Combo XXL, 30hr",
    "price": 173175
  }
]